ID,VARIANT_,RSC_,LC_,IAC_3,TYPE_,YEAR_
1,Estimates,World,900,,World,1950.0
2,Estimates,World,900,,World,1951.0
3,Estimates,World,900,,World,1952.0
4,Estimates,World,900,,World,1953.0
5,Estimates,World,900,,World,1954.0
6,Estimates,World,900,,World,1955.0
7,Estimates,World,900,,World,1956.0
8,Estimates,World,900,,World,1957.0
9,Estimates,World,900,,World,1958.0
10,Estimates,World,900,,World,1959.0
11,Estimates,World,900,,World,1960.0
12,Estimates,World,900,,World,1961.0
13,Estimates,World,900,,World,1962.0
14,Estimates,World,900,,World,1963.0
15,Estimates,World,900,,World,1964.0
16,Estimates,World,900,,World,1965.0
17,Estimates,World,900,,World,1966.0
18,Estimates,World,900,,World,1967.0
19,Estimates,World,900,,World,1968.0
20,Estimates,World,900,,World,1969.0
21,Estimates,World,900,,World,1970.0
22,Estimates,World,900,,World,1971.0
23,Estimates,World,900,,World,1972.0
24,Estimates,World,900,,World,1973.0
25,Estimates,World,900,,World,1974.0
26,Estimates,World,900,,World,1975.0
27,Estimates,World,900,,World,1976.0
28,Estimates,World,900,,World,1977.0
29,Estimates,World,900,,World,1978.0
30,Estimates,World,900,,World,1979.0
31,Estimates,World,900,,World,1980.0
32,Estimates,World,900,,World,1981.0
33,Estimates,World,900,,World,1982.0
34,Estimates,World,900,,World,1983.0
35,Estimates,World,900,,World,1984.0
36,Estimates,World,900,,World,1985.0
37,Estimates,World,900,,World,1986.0
38,Estimates,World,900,,World,1987.0
39,Estimates,World,900,,World,1988.0
40,Estimates,World,900,,World,1989.0
41,Estimates,World,900,,World,1990.0
42,Estimates,World,900,,World,1991.0
43,Estimates,World,900,,World,1992.0
44,Estimates,World,900,,World,1993.0
45,Estimates,World,900,,World,1994.0
46,Estimates,World,900,,World,1995.0
47,Estimates,World,900,,World,1996.0
48,Estimates,World,900,,World,1997.0
49,Estimates,World,900,,World,1998.0
50,Estimates,World,900,,World,1999.0
51,Estimates,World,900,,World,2000.0
52,Estimates,World,900,,World,2001.0
53,Estimates,World,900,,World,2002.0
54,Estimates,World,900,,World,2003.0
55,Estimates,World,900,,World,2004.0
56,Estimates,World,900,,World,2005.0
57,Estimates,World,900,,World,2006.0
58,Estimates,World,900,,World,2007.0
59,Estimates,World,900,,World,2008.0
60,Estimates,World,900,,World,2009.0
61,Estimates,World,900,,World,2010.0
62,Estimates,World,900,,World,2011.0
63,Estimates,World,900,,World,2012.0
64,Estimates,World,900,,World,2013.0
65,Estimates,World,900,,World,2014.0
66,Estimates,World,900,,World,2015.0
67,Estimates,World,900,,World,2016.0
68,Estimates,World,900,,World,2017.0
69,Estimates,World,900,,World,2018.0
70,Estimates,World,900,,World,2019.0
71,Estimates,World,900,,World,2020.0
72,Estimates,World,900,,World,2021.0
73,Estimates,World,900,,World,2022.0
74,Estimates,World,900,,World,2023.0
75,Estimates,China,156,CHN,Country/Area,1950.0
76,Estimates,China,156,CHN,Country/Area,1951.0
77,Estimates,China,156,CHN,Country/Area,1952.0
78,Estimates,China,156,CHN,Country/Area,1953.0
79,Estimates,China,156,CHN,Country/Area,1954.0
80,Estimates,China,156,CHN,Country/Area,1955.0
81,Estimates,China,156,CHN,Country/Area,1956.0
82,Estimates,China,156,CHN,Country/Area,1957.0
83,Estimates,China,156,CHN,Country/Area,1958.0
84,Estimates,China,156,CHN,Country/Area,1959.0
85,Estimates,China,156,CHN,Country/Area,1960.0
86,Estimates,China,156,CHN,Country/Area,1961.0
87,Estimates,China,156,CHN,Country/Area,1962.0
88,Estimates,China,156,CHN,Country/Area,1963.0
89,Estimates,China,156,CHN,Country/Area,1964.0
90,Estimates,China,156,CHN,Country/Area,1965.0
91,Estimates,China,156,CHN,Country/Area,1966.0
92,Estimates,China,156,CHN,Country/Area,1967.0
93,Estimates,China,156,CHN,Country/Area,1968.0
94,Estimates,China,156,CHN,Country/Area,1969.0
95,Estimates,China,156,CHN,Country/Area,1970.0
96,Estimates,China,156,CHN,Country/Area,1971.0
97,Estimates,China,156,CHN,Country/Area,1972.0
98,Estimates,China,156,CHN,Country/Area,1973.0
99,Estimates,China,156,CHN,Country/Area,1974.0
100,Estimates,China,156,CHN,Country/Area,1975.0
101,Estimates,China,156,CHN,Country/Area,1976.0
102,Estimates,China,156,CHN,Country/Area,1977.0
103,Estimates,China,156,CHN,Country/Area,1978.0
104,Estimates,China,156,CHN,Country/Area,1979.0
105,Estimates,China,156,CHN,Country/Area,1980.0
106,Estimates,China,156,CHN,Country/Area,1981.0
107,Estimates,China,156,CHN,Country/Area,1982.0
108,Estimates,China,156,CHN,Country/Area,1983.0
109,Estimates,China,156,CHN,Country/Area,1984.0
110,Estimates,China,156,CHN,Country/Area,1985.0
111,Estimates,China,156,CHN,Country/Area,1986.0
112,Estimates,China,156,CHN,Country/Area,1987.0
113,Estimates,China,156,CHN,Country/Area,1988.0
114,Estimates,China,156,CHN,Country/Area,1989.0
115,Estimates,China,156,CHN,Country/Area,1990.0
116,Estimates,China,156,CHN,Country/Area,1991.0
117,Estimates,China,156,CHN,Country/Area,1992.0
118,Estimates,China,156,CHN,Country/Area,1993.0
119,Estimates,China,156,CHN,Country/Area,1994.0
120,Estimates,China,156,CHN,Country/Area,1995.0
121,Estimates,China,156,CHN,Country/Area,1996.0
122,Estimates,China,156,CHN,Country/Area,1997.0
123,Estimates,China,156,CHN,Country/Area,1998.0
124,Estimates,China,156,CHN,Country/Area,1999.0
125,Estimates,China,156,CHN,Country/Area,2000.0
126,Estimates,China,156,CHN,Country/Area,2001.0
127,Estimates,China,156,CHN,Country/Area,2002.0
128,Estimates,China,156,CHN,Country/Area,2003.0
129,Estimates,China,156,CHN,Country/Area,2004.0
130,Estimates,China,156,CHN,Country/Area,2005.0
131,Estimates,China,156,CHN,Country/Area,2006.0
132,Estimates,China,156,CHN,Country/Area,2007.0
133,Estimates,China,156,CHN,Country/Area,2008.0
134,Estimates,China,156,CHN,Country/Area,2009.0
135,Estimates,China,156,CHN,Country/Area,2010.0
136,Estimates,China,156,CHN,Country/Area,2011.0
137,Estimates,China,156,CHN,Country/Area,2012.0
138,Estimates,China,156,CHN,Country/Area,2013.0
139,Estimates,China,156,CHN,Country/Area,2014.0
140,Estimates,China,156,CHN,Country/Area,2015.0
141,Estimates,China,156,CHN,Country/Area,2016.0
142,Estimates,China,156,CHN,Country/Area,2017.0
143,Estimates,China,156,CHN,Country/Area,2018.0
144,Estimates,China,156,CHN,Country/Area,2019.0
145,Estimates,China,156,CHN,Country/Area,2020.0
146,Estimates,China,156,CHN,Country/Area,2021.0
147,Estimates,China,156,CHN,Country/Area,2022.0
148,Estimates,China,156,CHN,Country/Area,2023.0
149,Estimates,India,356,IND,Country/Area,1950.0
150,Estimates,India,356,IND,Country/Area,1951.0
151,Estimates,India,356,IND,Country/Area,1952.0
152,Estimates,India,356,IND,Country/Area,1953.0
153,Estimates,India,356,IND,Country/Area,1954.0
154,Estimates,India,356,IND,Country/Area,1955.0
155,Estimates,India,356,IND,Country/Area,1956.0
156,Estimates,India,356,IND,Country/Area,1957.0
157,Estimates,India,356,IND,Country/Area,1958.0
158,Estimates,India,356,IND,Country/Area,1959.0
159,Estimates,India,356,IND,Country/Area,1960.0
160,Estimates,India,356,IND,Country/Area,1961.0
161,Estimates,India,356,IND,Country/Area,1962.0
162,Estimates,India,356,IND,Country/Area,1963.0
163,Estimates,India,356,IND,Country/Area,1964.0
164,Estimates,India,356,IND,Country/Area,1965.0
165,Estimates,India,356,IND,Country/Area,1966.0
166,Estimates,India,356,IND,Country/Area,1967.0
167,Estimates,India,356,IND,Country/Area,1968.0
168,Estimates,India,356,IND,Country/Area,1969.0
169,Estimates,India,356,IND,Country/Area,1970.0
170,Estimates,India,356,IND,Country/Area,1971.0
171,Estimates,India,356,IND,Country/Area,1972.0
172,Estimates,India,356,IND,Country/Area,1973.0
173,Estimates,India,356,IND,Country/Area,1974.0
174,Estimates,India,356,IND,Country/Area,1975.0
175,Estimates,India,356,IND,Country/Area,1976.0
176,Estimates,India,356,IND,Country/Area,1977.0
177,Estimates,India,356,IND,Country/Area,1978.0
178,Estimates,India,356,IND,Country/Area,1979.0
179,Estimates,India,356,IND,Country/Area,1980.0
180,Estimates,India,356,IND,Country/Area,1981.0
181,Estimates,India,356,IND,Country/Area,1982.0
182,Estimates,India,356,IND,Country/Area,1983.0
183,Estimates,India,356,IND,Country/Area,1984.0
184,Estimates,India,356,IND,Country/Area,1985.0
185,Estimates,India,356,IND,Country/Area,1986.0
186,Estimates,India,356,IND,Country/Area,1987.0
187,Estimates,India,356,IND,Country/Area,1988.0
188,Estimates,India,356,IND,Country/Area,1989.0
189,Estimates,India,356,IND,Country/Area,1990.0
190,Estimates,India,356,IND,Country/Area,1991.0
191,Estimates,India,356,IND,Country/Area,1992.0
192,Estimates,India,356,IND,Country/Area,1993.0
193,Estimates,India,356,IND,Country/Area,1994.0
194,Estimates,India,356,IND,Country/Area,1995.0
195,Estimates,India,356,IND,Country/Area,1996.0
196,Estimates,India,356,IND,Country/Area,1997.0
197,Estimates,India,356,IND,Country/Area,1998.0
198,Estimates,India,356,IND,Country/Area,1999.0
199,Estimates,India,356,IND,Country/Area,2000.0
200,Estimates,India,356,IND,Country/Area,2001.0
201,Estimates,India,356,IND,Country/Area,2002.0
202,Estimates,India,356,IND,Country/Area,2003.0
203,Estimates,India,356,IND,Country/Area,2004.0
204,Estimates,India,356,IND,Country/Area,2005.0
205,Estimates,India,356,IND,Country/Area,2006.0
206,Estimates,India,356,IND,Country/Area,2007.0
207,Estimates,India,356,IND,Country/Area,2008.0
208,Estimates,India,356,IND,Country/Area,2009.0
209,Estimates,India,356,IND,Country/Area,2010.0
210,Estimates,India,356,IND,Country/Area,2011.0
211,Estimates,India,356,IND,Country/Area,2012.0
212,Estimates,India,356,IND,Country/Area,2013.0
213,Estimates,India,356,IND,Country/Area,2014.0
214,Estimates,India,356,IND,Country/Area,2015.0
215,Estimates,India,356,IND,Country/Area,2016.0
216,Estimates,India,356,IND,Country/Area,2017.0
217,Estimates,India,356,IND,Country/Area,2018.0
218,Estimates,India,356,IND,Country/Area,2019.0
219,Estimates,India,356,IND,Country/Area,2020.0
220,Estimates,India,356,IND,Country/Area,2021.0
221,Estimates,India,356,IND,Country/Area,2022.0
222,Estimates,India,356,IND,Country/Area,2023.0
