ID,TD_,MD_,FD_,CDR_,LEB_,MLE_,FLE_,LEA_15,MLE_15,FLE_15,LEA_65,MLE_65,FLE_65,LEA_80,MLE_80,FLE_80,IDA_,IMR_,LBS_,FDA_5,FM_,MA4_40,MMA_40,FMA_40,MA6_60,MMA_60,FMA_60,MA1_15_50,MMA_15_50,FMA_15_50,MA1_15_60,MMA_15_60,FMA_15_60
1,48487,25664,22823,19.4,46.4,44.5,48.4,47.2,45.0,49.5,11.4,10.5,12.1,5.1,4.8,5.3,12546,138.1,82937.226,19962,227,374,391,356,540,581,497,239,269,208,375,426,323
2,48176,25384,22792,19.0,47.1,45.3,49.0,47.6,45.6,49.8,11.4,10.6,12.2,5.1,4.8,5.3,12566,136.0,83687.571,19949,221,363,378,348,528,567,488,230,256,203,365,413,316
3,47383,24850,22533,18.3,48.2,46.5,50.0,48.4,46.5,50.3,11.6,10.7,12.4,5.2,4.8,5.4,12731,132.7,88313.934,19955,214,348,360,337,511,546,475,217,239,196,351,393,307
4,47240,24722,22518,17.9,48.8,47.2,50.5,48.7,46.9,50.5,11.7,10.8,12.4,5.2,4.8,5.4,12672,130.1,88412.166,19847,208,340,350,330,502,536,467,211,231,191,343,384,301
5,46662,24408,22254,17.4,49.7,48.0,51.3,49.2,47.5,51.0,11.8,11.0,12.6,5.3,4.9,5.5,12693,127.7,91211.233,19813,203,330,339,320,489,522,456,203,221,185,332,372,293
6,46636,24437,22199,17.0,50.2,48.5,51.9,49.4,47.6,51.3,11.9,10.9,12.7,5.3,4.9,5.5,12651,124.8,92832.932,19663,198,322,331,313,481,515,447,200,218,181,327,367,287
7,46479,24353,22126,16.6,50.7,49.0,52.5,49.6,47.8,51.5,11.9,11.0,12.7,5.2,4.9,5.5,12415,121.9,93033.973,19318,192,315,324,305,474,507,440,196,214,178,323,363,283
8,46881,24585,22296,16.4,51.1,49.3,52.8,49.7,47.9,51.6,11.9,11.0,12.8,5.3,4.9,5.6,12581,120.0,97066.83,19434,189,310,319,301,469,503,435,194,212,176,321,361,281
9,46518,24414,22104,16.0,51.6,49.9,53.4,50.1,48.2,52.0,12.1,11.1,13.0,5.4,5.0,5.7,12379,117.7,95974.179,19125,184,304,313,295,462,496,427,191,209,173,315,355,275
10,50725,26607,24117,17.1,49.6,47.8,51.4,49.3,47.3,51.3,11.9,10.8,12.8,5.3,4.9,5.6,12970,125.7,92970.83,20974,202,330,340,319,491,526,455,203,224,182,333,375,290
11,54612,28637,25976,18.1,47.8,46.1,49.6,48.5,46.5,50.6,11.7,10.6,12.5,5.2,4.9,5.5,13515,131.8,92877.842,22432,216,352,363,342,516,552,480,215,238,191,349,394,304
12,49919,26207,23712,16.3,50.3,48.6,52.2,49.6,47.6,51.6,12.0,11.0,13.0,5.4,5.0,5.7,12299,121.5,92308.705,19704,194,320,331,310,481,516,445,199,220,178,327,370,284
13,46061,24225,21837,14.7,53.2,51.4,55.1,50.8,48.8,52.8,12.3,11.2,13.3,5.5,5.0,5.8,11950,110.2,103342.138,17939,170,283,292,273,439,473,404,180,197,162,301,340,261
14,46913,24680,22233,14.7,53.7,51.9,55.6,51.0,49.0,53.0,12.4,11.3,13.4,5.5,5.1,5.8,12661,107.7,110709.443,18611,166,277,286,267,432,466,397,177,194,159,296,336,257
15,46823,24649,22174,14.3,54.3,52.4,56.2,51.3,49.3,53.4,12.6,11.4,13.6,5.7,5.2,6.0,12532,106.1,108526.65,18577,162,271,280,261,425,459,390,173,190,156,291,330,252
16,48214,25472,22741,14.5,54.0,52.0,56.1,51.1,48.9,53.3,12.5,11.3,13.6,5.6,5.1,5.9,12527,106.4,109007.369,18912,163,274,286,262,429,466,391,176,197,156,295,338,253
17,47842,25189,22652,14.1,54.6,52.6,56.6,51.5,49.4,53.6,12.7,11.4,13.7,5.7,5.2,6.0,12312,104.9,108572.593,18635,160,267,277,257,420,455,385,170,188,152,288,328,248
18,47569,25051,22518,13.7,55.1,53.1,57.1,51.8,49.7,54.0,12.8,11.5,13.8,5.8,5.3,6.1,12082,103.1,108428.977,18318,156,261,271,251,413,448,377,166,184,147,282,322,242
19,47629,25077,22552,13.4,55.6,53.6,57.7,52.0,49.9,54.2,12.8,11.5,13.8,5.7,5.2,6.0,12059,100.2,113228.262,18030,151,254,264,243,404,440,369,162,180,143,277,317,238
20,47816,25174,22642,13.2,56.0,54.0,58.1,52.2,50.0,54.4,12.8,11.6,13.9,5.8,5.3,6.1,12018,98.3,113761.055,17878,148,249,259,238,399,434,363,159,177,140,274,314,234
21,48163,25305,22859,13.0,56.3,54.3,58.3,52.4,50.3,54.5,12.9,11.7,14.0,5.9,5.3,6.2,11981,96.9,115654.159,17854,146,247,256,237,395,430,361,157,175,139,271,310,233
22,49384,26259,23125,13.1,56.0,53.7,58.4,52.0,49.5,54.6,13.0,11.7,14.1,5.9,5.3,6.2,11919,96.1,115325.406,17892,145,252,267,235,402,443,359,165,191,137,279,326,231
23,47770,25127,22643,12.4,57.2,55.1,59.3,52.9,50.7,55.1,13.2,11.9,14.2,6.0,5.4,6.3,11570,93.6,115352.045,17202,140,236,246,225,382,417,346,150,169,131,262,300,223
24,47573,25033,22541,12.1,57.7,55.6,59.8,53.2,51.0,55.4,13.3,11.9,14.4,6.0,5.4,6.4,11386,92.1,115469.489,16881,137,230,240,220,374,409,339,146,164,127,256,294,218
25,47478,25017,22462,11.9,58.1,55.9,60.2,53.4,51.2,55.7,13.4,12.0,14.5,6.1,5.5,6.4,11186,90.9,114760.617,16577,135,226,237,216,369,404,333,143,162,124,252,291,213
26,47623,25132,22491,11.7,58.3,56.1,60.5,53.5,51.2,55.8,13.5,12.1,14.6,6.1,5.5,6.5,10888,89.6,113292.084,16151,132,225,235,214,367,402,331,144,162,124,251,290,212
27,47707,25126,22581,11.5,58.6,56.4,60.7,53.7,51.4,56.0,13.5,12.1,14.7,6.1,5.5,6.5,10678,88.1,113692.994,15790,130,221,231,211,362,397,327,142,159,123,248,286,210
28,47167,24901,22266,11.2,59.2,56.9,61.4,54.1,51.7,56.4,13.7,12.3,14.9,6.3,5.6,6.7,10445,86.4,113331.111,15369,127,215,225,204,354,389,318,137,155,118,242,280,202
29,47293,25005,22288,11.0,59.5,57.3,61.8,54.2,51.9,56.6,13.8,12.3,15.0,6.3,5.6,6.7,10314,84.7,114742.388,15100,124,210,221,199,348,385,311,135,154,115,238,278,198
30,46964,24858,22106,10.8,60.2,57.9,62.5,54.6,52.2,57.1,13.9,12.4,15.1,6.3,5.6,6.8,10254,82.5,117613.624,14873,121,202,213,191,339,376,301,129,148,108,231,271,190
31,47350,25083,22267,10.6,60.5,58.2,62.9,54.8,52.3,57.2,13.9,12.4,15.1,6.3,5.6,6.8,10219,80.6,120081.068,14737,118,198,209,186,333,371,295,126,146,106,228,269,186
32,47471,25185,22286,10.5,60.9,58.5,63.3,55.0,52.4,57.5,14.0,12.5,15.2,6.4,5.6,6.8,10159,78.7,122383.477,14599,115,193,205,182,328,366,288,124,145,102,224,266,182
33,47659,25309,22350,10.3,61.3,58.9,63.8,55.2,52.6,57.8,14.1,12.6,15.3,6.5,5.7,6.9,10133,76.6,125860.326,14513,112,189,201,177,322,360,282,121,142,100,221,263,178
34,48207,25569,22638,10.3,61.5,59.1,64.0,55.3,52.8,57.9,14.1,12.6,15.3,6.4,5.7,6.9,10053,76.1,124738.772,14471,111,187,198,175,319,357,279,119,140,98,218,260,175
35,48431,25696,22735,10.1,61.9,59.5,64.3,55.5,52.9,58.1,14.2,12.7,15.4,6.5,5.7,7.0,9978,74.6,127137.189,14345,108,183,194,171,314,353,275,117,138,96,216,257,173
36,48773,25843,22930,10.0,62.2,59.8,64.7,55.7,53.1,58.2,14.2,12.7,15.5,6.5,5.7,7.0,9903,72.9,129188.121,14202,106,179,190,167,309,346,270,115,135,94,212,252,170
37,48644,25766,22877,9.8,62.7,60.3,65.2,56.0,53.4,58.5,14.3,12.8,15.6,6.6,5.7,7.1,9820,70.8,132141.541,14010,102,174,185,162,301,338,263,111,131,91,207,246,166
38,48657,25797,22860,9.6,63.2,60.8,65.6,56.2,53.6,58.7,14.4,12.9,15.7,6.7,5.8,7.2,9673,68.6,134281.273,13739,99,169,180,158,296,332,258,109,129,89,204,243,163
39,49183,26058,23125,9.6,63.4,61.0,65.8,56.3,53.7,58.9,14.5,13.0,15.8,6.7,5.8,7.2,9590,68.0,133999.064,13684,98,168,178,156,293,329,255,108,127,88,202,240,161
40,49178,26069,23109,9.4,63.8,61.4,66.3,56.5,53.9,59.1,14.6,13.1,15.9,6.8,5.9,7.3,9399,66.2,135367.448,13358,95,163,174,152,288,324,250,106,125,87,199,237,159
41,49794,26389,23406,9.3,64.0,61.5,66.4,56.5,54.0,59.1,14.7,13.1,15.9,6.8,5.9,7.3,9295,64.9,136646.573,13205,93,162,173,150,286,322,248,106,125,86,199,237,158
42,50108,26547,23562,9.2,64.1,61.6,66.5,56.6,54.1,59.2,14.7,13.2,16.0,6.8,5.9,7.4,9038,64.9,131744.713,12953,93,161,172,150,285,320,247,106,124,86,197,235,158
43,50282,26689,23592,9.1,64.3,61.8,66.8,56.7,54.1,59.3,14.8,13.3,16.1,6.9,6.0,7.4,8772,64.1,130195.184,12566,91,159,170,148,282,319,244,106,125,85,197,236,156
44,50832,27026,23806,9.1,64.4,61.9,67.0,56.7,54.1,59.3,14.8,13.3,16.1,6.9,6.0,7.4,8532,62.9,129399.182,12179,89,157,169,146,281,319,241,106,126,85,197,237,155
45,51931,27700,24231,9.2,64.3,61.8,66.9,56.4,53.8,59.2,14.9,13.4,16.2,6.9,6.1,7.5,8377,62.0,129018.1,11943,88,160,172,147,286,325,245,112,134,89,204,245,160
46,51407,27350,24057,8.9,64.9,62.4,67.5,56.9,54.3,59.6,15.0,13.5,16.3,7.0,6.1,7.5,8192,60.8,128852.83,11636,86,153,165,142,276,314,237,105,125,83,195,235,153
47,51411,27312,24099,8.8,65.2,62.7,67.7,57.1,54.6,59.7,15.1,13.6,16.4,7.0,6.2,7.6,8009,59.6,128455.944,11360,84,151,162,140,272,308,233,103,123,83,192,230,151
48,51432,27278,24154,8.7,65.5,63.1,68.0,57.3,54.8,59.9,15.2,13.7,16.5,7.1,6.2,7.6,7813,58.3,128236.708,11069,83,149,159,138,267,302,230,102,120,82,188,225,149
49,51854,27508,24345,8.6,65.7,63.3,68.2,57.4,54.9,60.0,15.3,13.8,16.6,7.1,6.3,7.6,7646,57.1,128201.5,10834,81,147,158,137,264,299,228,102,121,82,187,223,148
50,52184,27691,24492,8.6,66.0,63.6,68.5,57.5,55.0,60.1,15.3,13.9,16.6,7.1,6.3,7.6,7430,55.5,128526.864,10464,78,144,154,133,260,296,223,101,120,81,185,222,147
51,52240,27744,24496,8.5,66.4,64.0,68.9,57.7,55.2,60.3,15.5,14.0,16.7,7.2,6.4,7.7,7267,53.7,130304.225,10180,76,140,150,130,255,290,219,100,119,80,183,219,144
52,52431,27870,24561,8.4,66.8,64.3,69.2,57.9,55.4,60.4,15.6,14.1,16.9,7.3,6.4,7.8,7066,52.2,130062.684,9867,73,137,147,127,252,287,216,99,118,80,181,217,143
53,52758,28068,24690,8.3,67.1,64.6,69.6,58.0,55.5,60.6,15.6,14.2,16.9,7.3,6.5,7.8,6853,50.6,130211.043,9547,71,134,144,124,248,283,211,98,117,79,179,215,141
54,53077,28253,24824,8.3,67.4,65.0,69.9,58.1,55.6,60.7,15.7,14.2,17.0,7.3,6.5,7.8,6626,48.8,130656.983,9200,68,131,140,121,244,279,207,97,116,78,177,214,139
55,53188,28366,24821,8.2,67.7,65.3,70.3,58.3,55.8,60.9,15.9,14.4,17.2,7.5,6.6,8.0,6435,47.2,131663.418,8936,66,128,138,118,241,276,204,97,115,78,176,212,138
56,53390,28538,24852,8.1,68.1,65.7,70.7,58.5,56.0,61.1,15.9,14.5,17.2,7.5,6.6,8.0,6228,45.4,132364.63,8605,63,124,134,114,236,271,198,95,114,76,173,210,135
57,53282,28508,24774,8.0,68.6,66.1,71.2,58.8,56.3,61.4,16.1,14.6,17.4,7.6,6.7,8.1,6036,43.7,133780.853,8294,60,120,130,110,230,265,192,93,111,74,170,206,131
58,53410,28593,24817,7.9,69.0,66.5,71.6,59.0,56.5,61.6,16.2,14.7,17.5,7.6,6.8,8.2,5863,42.0,135352.69,8024,58,117,127,106,224,260,187,91,109,72,166,203,129
59,53987,28905,25082,7.9,69.3,66.8,71.9,59.2,56.6,61.7,16.3,14.8,17.6,7.6,6.8,8.2,5721,40.4,137260.296,7821,56,114,124,104,221,257,185,90,108,71,165,201,128
60,54123,29070,25052,7.8,69.7,67.1,72.3,59.4,56.8,62.0,16.4,15.0,17.7,7.7,6.9,8.3,5584,39.1,138557.078,7625,54,111,122,100,217,252,180,88,106,69,162,198,125
61,54269,29089,25179,7.7,70.1,67.6,72.7,59.6,57.1,62.2,16.5,15.1,17.8,7.8,6.9,8.3,5405,37.7,139066.748,7351,52,107,117,97,211,246,176,85,103,68,159,194,122
62,54581,29313,25268,7.7,70.4,67.9,73.0,59.8,57.3,62.4,16.7,15.2,18.0,7.8,7.0,8.4,5290,36.8,139666.421,7213,50,105,115,94,208,242,172,83,100,66,156,191,120
63,54795,29433,25362,7.6,70.8,68.3,73.4,60.0,57.5,62.6,16.8,15.3,18.1,7.9,7.0,8.4,5097,35.0,141961.3,6899,48,101,111,90,203,236,167,81,98,64,153,188,118
64,55093,29608,25484,7.6,71.1,68.6,73.7,60.2,57.7,62.8,16.9,15.4,18.2,8.0,7.1,8.5,4923,33.9,141052.49,6659,46,98,108,88,199,233,164,80,97,63,151,185,116
65,55545,29900,25646,7.5,71.4,68.9,74.0,60.4,57.9,63.0,17.0,15.5,18.3,8.0,7.2,8.6,4778,32.9,141408.653,6486,45,96,107,86,196,230,162,79,96,62,150,183,115
66,56306,30279,26027,7.5,71.6,69.1,74.2,60.5,58.0,63.1,17.1,15.6,18.4,8.0,7.2,8.6,4638,32.1,140578.028,6298,44,95,105,84,194,227,159,78,95,61,148,181,114
67,56757,30580,26177,7.5,71.9,69.3,74.5,60.7,58.1,63.3,17.2,15.7,18.5,8.1,7.3,8.7,4501,31.1,141189.8,6105,42,92,103,81,191,224,157,77,94,60,147,179,113
68,57572,31082,26490,7.5,72.1,69.5,74.7,60.8,58.2,63.4,17.2,15.7,18.6,8.1,7.3,8.7,4358,30.3,140051.907,5920,41,91,101,79,188,221,154,76,93,59,145,178,111
69,57793,31141,26652,7.5,72.4,69.8,75.0,61.0,58.5,63.6,17.4,15.9,18.7,8.2,7.4,8.8,4182,29.7,136913.362,5649,40,88,98,77,184,216,151,74,91,57,143,174,110
70,58355,31456,26899,7.5,72.6,70.1,75.2,61.1,58.6,63.7,17.4,15.9,18.8,8.3,7.5,8.9,4047,29.2,135270.194,5467,39,86,96,75,182,213,149,73,89,57,141,172,108
71,63546,34553,28994,8.1,71.9,69.3,74.7,60.3,57.7,63.1,16.8,15.2,18.3,7.9,7.0,8.6,3883,28.7,131523.985,5240,38,84,94,73,187,220,152,74,91,57,147,180,112
72,69728,37491,32238,8.8,70.9,68.3,73.5,59.2,56.7,61.8,16.2,14.8,17.5,7.7,6.9,8.3,3788,28.4,130312.512,5107,38,87,98,76,203,238,167,84,102,65,165,199,129
73,62279,33749,28529,7.8,72.6,70.0,75.4,61.0,58.5,63.7,17.3,15.8,18.7,8.2,7.3,8.8,3735,28.2,129379.862,5055,38,84,95,73,180,212,146,73,90,56,140,172,107
74,61652,33384,28267,7.6,73.2,70.5,75.9,61.5,58.9,64.1,17.6,16.0,19.0,8.3,7.4,9.0,3603,27.3,129102.829,4825,36,81,92,70,174,205,140,71,86,54,135,166,103
75,12564,6734,5830,23.1,43.8,42.2,45.7,43.4,41.6,45.6,9.1,8.3,9.9,4.3,4.0,4.5,2738,127.1,20307.233,4172,206,384,397,370,604,644,557,282,309,252,462,514,403
76,12412,6626,5786,22.4,44.6,42.9,46.4,43.9,42.1,45.9,9.2,8.4,10.0,4.3,4.0,4.5,2768,124.7,20209.524,4237,201,373,385,360,591,631,546,273,298,245,451,501,394
77,12460,6653,5806,22.0,45.3,43.7,47.2,44.3,42.5,46.4,9.3,8.4,10.1,4.3,4.0,4.5,2991,122.2,23312.944,4492,195,362,374,349,578,619,533,265,289,238,440,490,384
78,12310,6538,5772,21.3,45.9,44.4,47.7,44.8,43.0,46.8,9.4,8.6,10.2,4.3,4.1,4.5,2941,119.7,22113.536,4485,190,354,364,343,567,605,524,255,278,231,427,475,374
79,12146,6455,5691,20.6,46.8,45.1,48.6,45.2,43.5,47.2,9.5,8.6,10.3,4.3,4.1,4.4,2950,117.8,23339.102,4536,186,342,353,330,554,592,511,248,269,224,417,464,365
80,12148,6502,5646,20.1,47.2,45.5,49.2,45.3,43.4,47.4,9.5,8.5,10.3,4.2,4.0,4.4,2947,114.9,23654.997,4515,180,334,346,321,547,589,501,244,268,219,414,465,359
81,11916,6367,5549,19.3,47.8,46.0,49.8,45.6,43.7,47.7,9.5,8.5,10.4,4.2,3.9,4.4,2791,112.6,22441.416,4347,176,326,338,313,538,579,492,239,262,214,407,456,353
82,11918,6377,5541,18.9,48.4,46.6,50.4,45.9,44.0,48.0,9.5,8.6,10.4,4.2,3.9,4.4,2893,110.2,24977.275,4400,171,318,330,304,529,571,483,233,255,209,400,449,346
83,11705,6276,5429,18.2,48.8,47.0,50.9,46.1,44.1,48.3,9.6,8.5,10.5,4.2,3.9,4.4,2712,107.9,22448.69,4178,166,311,324,297,522,565,475,229,251,204,395,445,340
84,15902,8461,7442,24.4,40.2,38.6,42.0,42.7,40.7,45.0,8.6,7.6,9.4,3.8,3.4,3.9,3348,153.5,18125.904,6167,256,435,449,419,644,683,600,291,323,256,477,532,415
85,19506,10310,9196,29.8,33.4,32.2,34.9,40.1,38.2,42.3,7.8,7.0,8.6,3.4,3.1,3.6,3894,196.1,16656.731,7678,336,534,547,519,732,765,694,344,379,304,543,598,480
86,14699,7815,6884,22.4,40.2,38.6,41.9,42.9,40.9,45.1,8.6,7.6,9.4,3.7,3.4,3.9,2693,154.3,15053.65,5003,258,434,448,419,642,681,600,287,317,253,473,527,414
87,10350,5585,4765,15.6,51.0,48.9,53.2,47.0,45.0,49.3,9.7,8.6,10.7,4.2,3.8,4.4,2325,98.6,24972.585,3249,148,281,295,266,489,533,441,209,232,185,372,422,318
88,10917,5879,5038,15.9,51.7,49.7,53.9,47.5,45.4,49.7,9.9,8.7,10.9,4.2,3.8,4.4,3024,96.2,31205.005,3930,144,272,285,258,477,520,431,202,223,179,361,410,310
89,10843,5827,5016,15.4,52.3,50.3,54.5,47.9,45.8,50.1,10.0,8.8,11.0,4.2,3.8,4.5,2917,93.8,28095.787,3961,139,264,277,250,465,508,420,195,216,173,352,399,302
90,10677,5739,4938,14.8,53.0,51.0,55.2,48.3,46.2,50.5,10.1,8.9,11.2,4.3,3.8,4.5,2744,91.3,28140.957,3903,135,256,269,241,454,496,409,189,210,167,343,390,293
91,10496,5616,4880,14.1,53.7,51.7,55.8,48.7,46.6,50.8,10.3,9.1,11.3,4.3,3.9,4.6,2616,88.7,27391.784,3821,130,248,261,234,443,483,400,183,203,162,334,378,287
92,10188,5436,4752,13.4,54.4,52.4,56.5,49.1,47.1,51.2,10.4,9.2,11.4,4.4,3.9,4.6,2412,86.1,25813.796,3603,126,239,252,226,430,469,389,176,195,156,323,366,278
93,10173,5412,4762,13.0,55.2,53.3,57.2,49.6,47.6,51.7,10.6,9.4,11.6,4.4,4.0,4.7,2533,83.4,29800.026,3637,121,230,242,218,417,453,377,169,187,150,312,352,270
94,10019,5318,4701,12.5,56.0,54.1,58.0,50.1,48.1,52.1,10.8,9.6,11.8,4.5,4.1,4.8,2507,80.5,29167.23,3540,116,221,232,209,403,439,365,163,179,144,301,340,261
95,9818,5200,4618,11.9,56.8,54.9,58.8,50.6,48.7,52.6,11.0,9.8,12.0,4.6,4.1,4.8,2425,77.5,29744.533,3416,111,212,222,200,389,423,353,156,171,139,290,326,251
96,9487,5003,4483,11.2,57.7,55.9,59.6,51.2,49.3,53.0,11.2,10.1,12.1,4.7,4.3,4.9,2246,74.3,28093.394,3186,105,202,212,191,374,406,340,148,163,133,278,312,242
97,9169,4839,4330,10.6,58.6,56.7,60.5,51.7,49.8,53.5,11.4,10.2,12.4,4.8,4.3,5.0,2056,71.0,27119.108,2942,100,193,203,182,360,392,327,142,157,127,268,301,233
98,8835,4686,4149,10.0,59.5,57.6,61.5,52.2,50.3,54.2,11.7,10.4,12.6,4.9,4.4,5.2,1893,67.7,26253.208,2706,95,183,194,172,345,378,311,136,151,120,256,290,221
99,8544,4558,3986,9.5,60.2,58.2,62.3,52.6,50.6,54.7,11.8,10.5,12.9,5.0,4.4,5.3,1690,64.5,24354.625,2424,90,175,186,163,334,367,298,131,147,114,249,283,212
100,8241,4408,3833,9.0,61.0,58.9,63.1,53.0,50.9,55.1,12.0,10.7,13.0,5.1,4.5,5.4,1462,61.5,22018.623,2117,85,167,179,155,323,357,287,127,143,109,241,276,204
101,8191,4361,3830,8.8,61.2,59.2,63.3,53.0,51.1,55.1,12.1,10.8,13.1,5.1,4.5,5.5,1311,58.8,21016.218,1905,81,165,175,154,320,351,286,128,142,112,240,273,206
102,7728,4148,3580,8.2,62.5,60.3,64.7,53.8,51.7,55.9,12.3,11.0,13.4,5.2,4.6,5.6,1145,55.2,19444.738,1634,75,151,162,138,299,333,263,117,133,100,225,259,189
103,7590,4079,3511,7.9,63.1,60.9,65.3,54.1,52.0,56.3,12.4,11.1,13.5,5.3,4.6,5.7,1065,52.5,19405.916,1489,71,144,155,132,290,323,254,113,129,96,219,252,183
104,7534,4053,3481,7.8,63.7,61.5,66.0,54.4,52.3,56.6,12.6,11.2,13.7,5.4,4.7,5.8,1051,50.1,20301.79,1422,67,138,149,126,281,313,245,110,125,93,213,245,178
105,7507,4043,3464,7.6,64.2,62.1,66.5,54.8,52.6,56.9,12.7,11.4,13.8,5.5,4.7,5.9,1037,48.1,20831.918,1377,64,133,144,120,273,305,237,107,122,89,207,240,172
106,7494,4044,3449,7.5,64.8,62.6,67.1,55.1,52.9,57.3,12.9,11.5,14.0,5.5,4.8,5.9,1033,46.2,21642.083,1353,62,127,139,115,265,297,229,103,119,86,202,234,167
107,7550,4080,3470,7.4,65.2,63.0,67.6,55.4,53.2,57.6,13.0,11.6,14.1,5.6,4.8,6.0,1074,44.7,23458.852,1385,59,123,135,111,257,290,222,100,116,83,197,229,161
108,7451,4030,3421,7.2,65.7,63.5,68.1,55.7,53.5,58.0,13.2,11.8,14.3,5.7,4.9,6.1,968,43.6,20903.669,1281,58,119,131,107,250,283,215,97,112,79,191,223,156
109,7476,4049,3427,7.2,66.1,63.9,68.5,56.0,53.8,58.3,13.3,11.9,14.5,5.7,4.9,6.2,968,42.7,22100.795,1279,56,116,127,104,244,277,208,94,109,76,186,218,151
110,7541,4092,3449,7.1,66.5,64.2,68.9,56.3,54.1,58.6,13.5,12.1,14.6,5.8,5.0,6.3,1005,42.0,23294.696,1310,55,113,124,101,238,271,202,91,107,73,181,213,146
111,7648,4160,3488,7.1,66.9,64.6,69.3,56.6,54.4,58.9,13.6,12.2,14.8,5.9,5.0,6.3,1068,41.5,25145.211,1373,55,110,122,98,233,266,197,88,104,70,177,209,141
112,7738,4223,3514,7.1,67.3,64.9,69.7,56.9,54.6,59.3,13.8,12.3,15.0,5.9,5.1,6.4,1124,41.2,26612.373,1434,54,108,120,96,227,261,191,85,101,67,172,204,136
113,7757,4240,3517,7.0,67.6,65.2,70.1,57.2,54.9,59.6,13.9,12.5,15.2,6.0,5.1,6.5,1090,40.9,25541.101,1414,54,106,117,93,222,255,185,82,99,65,167,200,131
114,7830,4277,3553,6.9,67.9,65.6,70.4,57.5,55.2,59.9,14.1,12.7,15.3,6.1,5.2,6.6,1099,40.5,26312.077,1432,53,104,115,92,217,250,181,80,96,62,163,195,127
115,7975,4335,3640,6.9,68.2,65.9,70.6,57.7,55.5,60.0,14.1,12.8,15.3,6.1,5.2,6.5,1121,40.1,27136.992,1456,53,102,113,90,214,245,178,78,93,61,160,191,125
116,7782,4241,3541,6.6,68.6,66.3,71.0,58.1,55.8,60.4,14.4,13.0,15.6,6.2,5.3,6.7,937,39.6,21893.555,1274,52,99,110,88,207,239,172,75,90,58,154,185,120
117,7671,4180,3492,6.5,69.1,66.8,71.5,58.4,56.2,60.8,14.6,13.2,15.7,6.3,5.4,6.8,831,38.9,20378.219,1152,51,96,107,85,201,232,167,72,87,56,148,179,115
118,7614,4181,3433,6.4,69.5,67.1,72.0,58.8,56.5,61.2,14.8,13.3,16.0,6.4,5.5,6.9,775,38.0,19555.315,1065,50,94,104,82,195,227,160,69,85,53,144,175,109
119,7632,4209,3423,6.3,69.8,67.4,72.4,59.0,56.7,61.5,14.9,13.4,16.2,6.4,5.5,7.0,727,37.0,18916.498,988,48,91,101,80,190,222,155,68,83,51,140,172,106
120,7549,4191,3357,6.2,70.4,67.9,73.0,59.4,57.0,62.0,15.1,13.6,16.5,6.6,5.6,7.1,684,35.8,18423.834,916,47,88,98,77,184,216,148,65,81,48,135,167,100
121,7523,4181,3342,6.1,70.8,68.3,73.5,59.8,57.3,62.3,15.3,13.8,16.7,6.7,5.7,7.2,636,34.5,17766.211,843,45,85,95,74,178,210,142,63,78,47,130,162,96
122,7541,4193,3348,6.1,71.2,68.7,73.9,60.0,57.6,62.6,15.4,13.9,16.8,6.7,5.8,7.3,587,33.0,17174.986,775,43,81,91,71,172,204,137,61,76,45,127,158,93
123,7588,4215,3373,6.1,71.6,69.1,74.2,60.2,57.8,62.7,15.5,14.1,16.9,6.8,5.9,7.4,543,31.4,16719.342,713,41,78,88,68,167,199,133,60,75,44,124,154,91
124,7666,4245,3421,6.1,72.0,69.5,74.5,60.4,58.0,62.9,15.6,14.2,16.9,6.8,5.9,7.4,503,29.7,16425.902,656,38,75,84,65,163,193,129,58,73,43,121,151,89
125,7780,4316,3465,6.1,72.3,69.9,74.9,60.5,58.2,63.0,15.7,14.2,17.0,6.9,6.0,7.4,488,27.9,17120.503,626,36,72,81,62,158,189,125,57,72,42,119,149,87
126,7831,4347,3483,6.1,72.7,70.2,75.3,60.7,58.4,63.2,15.8,14.4,17.1,6.9,6.0,7.5,437,26.1,16203.148,562,33,68,77,59,153,184,120,56,70,41,116,146,84
127,7917,4401,3516,6.2,73.0,70.6,75.7,60.9,58.5,63.4,15.9,14.4,17.2,7.0,6.1,7.5,399,24.3,16027.54,512,31,65,74,56,149,179,116,55,69,40,114,144,82
128,8012,4460,3552,6.2,73.4,70.9,76.0,61.1,58.7,63.6,16.0,14.5,17.3,7.0,6.1,7.6,366,22.5,15894.164,467,29,62,70,53,145,175,112,54,68,39,112,142,80
129,8121,4525,3597,6.2,73.7,71.3,76.4,61.2,58.8,63.8,16.0,14.6,17.4,7.1,6.2,7.6,342,20.8,16155.748,433,26,59,67,50,140,171,108,53,67,38,110,140,79
130,8215,4593,3622,6.3,74.1,71.6,76.8,61.4,59.0,64.0,16.1,14.7,17.6,7.1,6.2,7.7,318,19.2,16319.76,400,24,56,64,47,136,167,103,52,65,37,108,138,77
131,8339,4669,3670,6.3,74.4,71.9,77.1,61.6,59.1,64.2,16.2,14.7,17.7,7.2,6.3,7.8,297,17.6,16604.362,371,22,53,61,45,133,163,100,51,64,37,106,136,75
132,8411,4695,3715,6.3,74.8,72.3,77.4,61.8,59.4,64.3,16.4,14.9,17.8,7.2,6.4,7.8,278,16.2,16955.705,347,20,50,58,42,128,158,96,49,62,36,104,133,73
133,8683,4857,3826,6.5,74.8,72.4,77.5,61.8,59.3,64.3,16.4,14.9,17.8,7.2,6.4,7.8,266,15.1,17477.385,334,19,50,57,42,129,159,97,50,63,37,105,135,74
134,8716,4893,3823,6.5,75.3,72.8,78.0,62.1,59.6,64.7,16.5,15.0,18.0,7.3,6.4,7.9,248,13.8,17813.042,306,17,46,53,38,122,152,90,48,61,34,101,130,70
135,8789,4918,3870,6.5,75.7,73.2,78.3,62.3,59.9,64.9,16.7,15.2,18.1,7.4,6.5,8.0,228,12.7,17712.482,284,16,43,50,36,118,148,87,47,59,34,99,127,69
136,8969,5057,3912,6.6,75.9,73.3,78.7,62.4,59.9,65.1,16.7,15.2,18.3,7.4,6.5,8.0,210,11.7,17641.292,261,15,41,48,34,116,146,85,46,58,33,98,127,67
137,9086,5133,3953,6.6,76.2,73.6,79.0,62.6,60.1,65.3,16.9,15.3,18.4,7.4,6.6,8.1,207,10.9,19063.903,255,14,39,46,32,113,143,82,45,57,32,96,125,66
138,9235,5214,4021,6.7,76.5,73.9,79.2,62.7,60.2,65.4,17.0,15.4,18.5,7.5,6.6,8.1,185,10.1,18136.684,230,13,37,44,31,110,139,80,44,56,31,95,123,65
139,9383,5309,4074,6.8,76.7,74.1,79.5,62.9,60.4,65.7,17.1,15.5,18.7,7.5,6.6,8.2,175,9.3,18617.161,217,12,36,42,29,108,136,77,43,54,30,93,121,64
140,9522,5394,4128,6.8,77.0,74.4,79.8,63.1,60.5,65.8,17.2,15.6,18.8,7.6,6.7,8.3,153,8.7,17386.583,192,11,34,40,28,105,133,75,42,53,29,91,119,62
141,9689,5500,4188,6.9,77.2,74.6,80.1,63.3,60.7,66.0,17.3,15.6,19.0,7.6,6.7,8.3,147,8.0,18201.516,183,10,33,38,27,102,131,73,41,52,29,90,117,61
142,10049,5780,4269,7.1,77.2,74.4,80.3,63.2,60.5,66.2,17.3,15.5,19.1,7.6,6.6,8.4,136,7.5,18142.382,170,9,32,38,25,102,131,71,40,52,28,90,119,60
143,9967,5665,4302,7.0,77.7,75.0,80.6,63.6,61.0,66.4,17.6,15.8,19.3,7.8,6.8,8.5,110,7.0,15264.68,141,9,30,35,24,97,125,68,38,49,27,86,113,58
144,10129,5731,4398,7.1,77.9,75.3,80.7,63.8,61.2,66.6,17.7,15.9,19.4,7.8,6.9,8.5,95,6.5,14533.957,124,8,29,34,23,95,121,67,37,48,26,85,111,57
145,10411,5960,4452,7.3,78.0,75.2,81.0,63.8,61.1,66.8,17.7,15.9,19.5,7.8,6.8,8.6,74,6.1,11781.627,99,8,28,33,22,95,123,65,37,48,26,85,113,56
146,10760,6046,4714,7.5,78.1,75.5,80.9,63.9,61.2,66.6,17.7,16.0,19.4,7.7,6.8,8.4,60,5.7,10410.165,82,7,27,31,21,94,120,66,37,47,26,85,111,57
147,10999,6276,4723,7.7,78.2,75.5,81.1,63.9,61.2,66.8,17.7,15.8,19.5,7.8,6.7,8.6,51,5.3,9411.944,72,7,26,31,21,91,117,63,35,45,25,82,108,55
148,11684,6671,5013,8.2,78.0,75.2,80.9,63.7,61.0,66.6,17.5,15.6,19.3,7.5,6.4,8.4,46,5.1,8860.792,71,7,27,31,21,91,117,64,35,45,25,82,108,55
149,7852,3915,3937,22.7,41.2,41.9,40.4,45.1,45.3,44.8,10.9,10.7,11.1,4.8,4.7,4.8,2675,176.4,13398.256,4269,295,445,427,464,611,605,618,281,271,291,425,424,425
150,7973,3983,3990,22.5,41.6,42.3,40.8,45.1,45.3,44.9,10.9,10.7,11.1,4.8,4.7,4.9,2703,173.7,13756.312,4339,289,440,422,458,607,601,613,280,271,289,423,423,423
151,8049,4027,4022,22.2,42.1,42.8,41.3,45.3,45.5,45.1,11.0,10.8,11.2,4.8,4.7,4.9,2729,170.9,14156.057,4376,282,433,415,452,601,595,607,277,268,286,420,420,420
152,8170,4093,4076,22.1,42.4,43.1,41.7,45.3,45.4,45.1,11.0,10.8,11.2,4.8,4.7,4.9,2761,168.5,14552.228,4420,276,429,412,447,598,593,603,277,269,286,420,421,419
153,8122,4070,4052,21.4,43.2,43.9,42.5,45.8,45.9,45.6,11.1,10.9,11.3,4.8,4.7,4.9,2775,165.3,14944.877,4409,269,417,400,435,585,580,591,268,260,277,409,410,408
154,8169,4095,4074,21.1,43.7,44.4,43.0,46.0,46.1,45.8,11.1,10.9,11.4,4.9,4.7,5.0,2790,162.9,15254.29,4415,263,410,393,429,578,573,584,265,257,273,405,406,404
155,8232,4127,4106,20.7,44.1,44.8,43.4,46.1,46.2,46.0,11.2,10.9,11.4,4.9,4.8,5.0,2803,160.7,15552.523,4423,258,405,388,423,573,568,579,263,255,271,402,403,401
156,8324,4172,4152,20.5,44.4,45.1,43.7,46.2,46.3,46.1,11.2,11.0,11.4,4.9,4.8,5.0,2819,158.9,15841.085,4438,254,401,384,420,570,564,576,261,254,270,400,402,399
157,8374,4195,4179,20.1,44.8,45.5,44.1,46.3,46.4,46.2,11.2,11.0,11.5,4.9,4.8,5.0,2825,157.0,16066.893,4436,250,396,378,415,565,559,571,259,251,267,397,398,396
158,8396,4205,4190,19.7,45.3,46.0,44.5,46.6,46.7,46.5,11.3,11.0,11.6,4.9,4.8,5.0,2831,155.1,16329.633,4425,246,390,372,409,558,552,564,254,246,262,391,392,390
159,8467,4242,4225,19.4,45.6,46.3,44.9,46.8,46.9,46.6,11.3,11.1,11.6,4.9,4.8,5.0,2854,153.4,16693.434,4438,242,385,367,404,553,547,559,251,242,259,388,389,386
160,8586,4305,4281,19.2,45.8,46.5,45.1,46.8,46.9,46.7,11.3,11.1,11.6,4.9,4.9,5.0,2885,152.1,17023.464,4469,239,382,364,401,550,544,556,249,241,258,386,387,385
161,8680,4356,4324,19.0,46.1,46.8,45.4,47.0,47.1,46.9,11.4,11.1,11.6,5.0,4.9,5.0,2911,150.6,17372.439,4493,236,377,360,396,545,540,551,246,238,255,383,384,381
162,8767,4403,4364,18.7,46.5,47.1,45.8,47.2,47.3,47.0,11.4,11.1,11.7,5.0,4.9,5.0,2938,149.2,17715.019,4518,233,373,355,391,541,535,546,243,234,252,379,380,378
163,8871,4459,4413,18.5,46.7,47.3,46.1,47.3,47.4,47.2,11.4,11.2,11.7,5.0,5.0,5.1,2966,147.9,18067.764,4548,230,368,351,387,536,531,542,240,231,249,375,376,375
164,9489,4785,4704,19.4,45.6,46.1,45.0,46.8,46.9,46.8,11.2,11.0,11.5,4.9,4.9,5.0,3126,153.3,18220.39,4856,241,383,367,400,553,549,557,245,238,254,386,388,383
165,9543,4814,4729,19.1,45.9,46.4,45.3,47.0,47.1,47.0,11.2,11.0,11.5,5.0,4.9,5.0,3126,151.9,18436.619,4846,238,378,362,395,548,544,551,241,233,249,381,384,379
166,9610,4848,4762,18.8,46.2,46.7,45.6,47.2,47.3,47.1,11.2,11.0,11.5,5.0,5.0,5.0,3134,150.5,18686.368,4842,235,373,357,390,543,540,547,237,229,245,378,380,375
167,9155,4608,4547,17.5,47.9,48.5,47.3,48.0,48.2,47.8,11.5,11.3,11.7,5.2,5.2,5.2,3004,142.7,19046.576,4555,219,350,333,367,518,514,523,223,214,232,360,361,360
168,9219,4640,4579,17.3,48.3,48.8,47.7,48.2,48.4,48.0,11.5,11.3,11.7,5.2,5.2,5.2,3010,141.2,19270.561,4553,216,344,328,361,513,509,518,218,209,228,356,357,356
169,9287,4676,4611,17.0,48.6,49.1,48.0,48.4,48.6,48.2,11.6,11.4,11.7,5.3,5.3,5.3,3020,139.7,19580.543,4553,213,339,323,356,508,504,513,214,204,223,352,353,352
170,9383,4727,4656,16.8,48.9,49.4,48.3,48.6,48.8,48.4,11.6,11.5,11.8,5.4,5.4,5.4,3045,138.2,20023.195,4570,210,335,318,352,504,500,508,210,200,219,349,349,348
171,9468,4774,4694,16.6,49.2,49.7,48.7,48.8,49.0,48.6,11.7,11.5,11.9,5.4,5.4,5.5,3069,136.9,20349.96,4591,208,330,314,347,499,495,503,205,196,215,344,345,343
172,9517,4802,4715,16.3,49.6,50.1,49.1,49.1,49.2,48.9,11.8,11.6,12.0,5.5,5.5,5.6,3079,135.0,20760.499,4586,204,324,308,342,493,489,497,201,192,210,340,341,338
173,9489,4791,4698,15.9,50.3,50.7,49.7,49.4,49.5,49.3,11.9,11.7,12.2,5.6,5.5,5.7,3067,132.3,21125.924,4539,199,316,300,334,484,481,487,195,186,204,333,335,331
174,9493,4798,4695,15.5,50.8,51.2,50.3,49.7,49.7,49.7,12.0,11.7,12.3,5.7,5.6,5.8,3044,130.0,21314.148,4494,194,310,293,327,477,474,479,190,182,198,327,330,324
175,9500,4810,4690,15.2,51.3,51.7,50.9,50.0,49.9,50.0,12.1,11.7,12.4,5.7,5.6,5.9,3036,127.6,21795.936,4455,190,302,286,320,468,467,470,185,178,192,321,326,316
176,9495,4815,4679,14.8,51.8,52.2,51.4,50.2,50.1,50.4,12.1,11.7,12.6,5.8,5.6,6.0,3006,125.0,21961.215,4395,185,295,279,312,460,460,461,180,174,186,315,321,309
177,9462,4812,4650,14.4,52.4,52.7,52.1,50.5,50.3,50.9,12.2,11.7,12.7,5.8,5.6,6.0,2969,122.3,22271.884,4321,180,287,271,303,451,452,450,174,170,178,308,317,299
178,9441,4814,4627,14.1,53.0,53.2,52.8,50.8,50.4,51.3,12.2,11.7,12.7,5.8,5.6,6.1,2950,119.5,22754.558,4259,175,278,263,294,442,444,439,168,166,171,301,312,290
179,9453,4837,4616,13.8,53.6,53.7,53.5,51.1,50.6,51.7,12.2,11.7,12.8,5.8,5.5,6.1,2950,116.7,23388.571,4222,169,270,256,286,432,437,427,163,162,164,295,308,280
180,9447,4850,4597,13.4,54.2,54.2,54.2,51.4,50.7,52.1,12.2,11.6,12.9,5.8,5.5,6.1,2931,113.8,23804.647,4171,164,262,248,277,423,429,416,157,158,157,288,303,271
181,9431,4857,4574,13.1,54.7,54.7,54.8,51.6,50.9,52.5,12.2,11.6,12.9,5.8,5.5,6.2,2901,111.1,24179.884,4111,160,254,241,268,414,422,405,152,154,150,281,299,263
182,9418,4865,4553,12.8,55.3,55.1,55.5,51.9,51.0,52.9,12.3,11.5,13.0,5.8,5.4,6.2,2874,108.4,24613.564,4054,155,247,235,260,405,414,395,147,151,144,275,294,254
183,9414,4877,4538,12.5,55.8,55.5,56.1,52.1,51.2,53.2,12.3,11.5,13.1,5.8,5.4,6.2,2854,105.8,25102.416,4004,150,240,228,252,396,407,384,143,147,138,269,290,247
184,9399,4880,4519,12.2,56.3,56.0,56.7,52.4,51.3,53.6,12.3,11.5,13.2,5.8,5.4,6.2,2820,103.3,25385.512,3942,146,233,222,245,388,400,375,139,144,133,264,286,240
185,9393,4886,4506,11.9,56.8,56.4,57.3,52.6,51.4,53.9,12.3,11.5,13.3,5.8,5.3,6.3,2794,100.8,25880.162,3887,142,227,216,238,380,393,366,135,141,129,259,282,234
186,9365,4880,4485,11.6,57.3,56.8,57.9,52.8,51.6,54.1,12.4,11.5,13.4,5.8,5.3,6.3,2744,98.5,25938.068,3809,138,221,211,232,373,387,358,132,139,125,254,278,228
187,9338,4871,4467,11.3,57.7,57.2,58.4,53.0,51.7,54.4,12.4,11.5,13.5,5.9,5.3,6.4,2691,96.1,26150.884,3726,134,215,206,226,366,381,351,130,137,122,250,275,224
188,9306,4856,4450,11.0,58.2,57.6,58.9,53.2,51.9,54.6,12.5,11.5,13.6,5.9,5.3,6.4,2639,93.8,26303.222,3641,130,210,201,220,360,375,344,127,135,120,246,271,220
189,9278,4844,4434,10.7,58.6,58.0,59.4,53.3,52.0,54.8,12.6,11.6,13.7,5.9,5.4,6.4,2580,91.6,26363.367,3549,126,205,197,215,354,370,338,126,133,118,244,269,217
190,9256,4834,4422,10.5,59.0,58.3,59.8,53.5,52.1,55.0,12.7,11.7,13.7,6.0,5.4,6.5,2526,89.4,26533.023,3461,123,201,193,210,349,365,332,124,132,116,241,266,214
191,9233,4821,4412,10.2,59.4,58.7,60.2,53.6,52.3,55.1,12.8,11.8,13.8,6.0,5.5,6.5,2471,87.1,26632.836,3370,119,196,188,205,343,360,326,123,131,114,238,264,212
192,9222,4812,4410,10.0,59.8,59.1,60.6,53.8,52.4,55.3,12.9,11.9,13.9,6.1,5.6,6.6,2411,85.0,26684.69,3279,116,192,185,200,339,356,322,122,130,113,237,262,210
193,9202,4800,4402,9.8,60.2,59.5,61.0,53.9,52.6,55.4,13.0,12.0,13.9,6.2,5.6,6.6,2356,82.7,26859.169,3188,112,188,181,195,334,351,316,120,129,111,234,259,207
194,9192,4795,4397,9.6,60.6,59.9,61.4,54.1,52.7,55.5,13.1,12.2,14.0,6.2,5.7,6.6,2300,80.5,26974.754,3099,109,184,177,191,329,346,311,120,128,110,232,258,205
195,9181,4790,4391,9.4,61.0,60.2,61.9,54.2,52.9,55.7,13.2,12.3,14.0,6.3,5.8,6.6,2240,78.3,27051.107,3006,105,180,174,186,324,342,305,119,128,108,230,256,203
196,9166,4788,4379,9.2,61.4,60.6,62.3,54.4,53.0,55.9,13.3,12.4,14.1,6.3,5.9,6.7,2178,76.0,27114.18,2910,102,176,170,181,319,337,299,118,128,107,228,254,200
197,9156,4791,4365,9.0,61.9,61.0,62.8,54.5,53.2,56.0,13.4,12.5,14.2,6.4,6.0,6.7,2116,73.7,27205.428,2817,98,171,167,176,313,333,293,117,128,105,225,252,196
198,9141,4795,4346,8.8,62.3,61.4,63.2,54.7,53.3,56.3,13.5,12.7,14.3,6.4,6.0,6.7,2053,71.3,27298.865,2722,95,167,164,171,308,328,286,116,127,103,222,250,192
199,9127,4805,4322,8.6,62.7,61.8,63.8,54.9,53.5,56.5,13.6,12.8,14.3,6.4,6.1,6.7,2001,68.9,27637.368,2636,91,162,160,165,301,323,277,114,127,100,219,248,187
200,9143,4829,4314,8.5,63.2,62.1,64.3,55.1,53.6,56.7,13.6,12.8,14.4,6.5,6.1,6.7,1950,66.5,27874.319,2556,88,158,157,160,295,319,270,113,127,98,216,246,183
201,9104,4827,4277,8.3,63.6,62.5,64.9,55.3,53.7,57.0,13.7,12.9,14.5,6.5,6.1,6.7,1874,64.1,27723.837,2449,84,153,152,154,288,313,261,111,126,95,212,243,177
202,9074,4830,4244,8.1,64.1,62.9,65.4,55.5,53.9,57.3,13.8,13.0,14.6,6.5,6.1,6.7,1786,61.7,27442.415,2332,81,148,149,148,282,308,253,109,125,92,208,240,172
203,9067,4844,4223,8.0,64.5,63.2,65.8,55.7,54.0,57.5,13.8,13.0,14.6,6.5,6.2,6.7,1702,59.4,27233.941,2220,77,144,145,143,276,304,246,108,124,90,205,238,168
204,9028,4842,4186,7.8,64.9,63.6,66.4,55.8,54.1,57.7,13.9,13.1,14.6,6.4,6.2,6.7,1611,57.1,26818.485,2094,74,139,141,137,269,298,237,106,123,87,201,235,162
205,8996,4841,4155,7.7,65.4,64.0,66.9,56.0,54.3,57.9,13.9,13.1,14.7,6.4,6.2,6.7,1520,54.7,26449.693,1970,71,134,136,131,263,293,230,103,121,84,197,233,158
206,8973,4844,4129,7.5,65.8,64.4,67.4,56.2,54.4,58.2,14.0,13.2,14.7,6.5,6.2,6.6,1437,52.4,26168.943,1855,67,129,132,125,257,288,223,101,120,81,194,230,154
207,8951,4845,4106,7.4,66.2,64.8,67.8,56.4,54.6,58.4,14.1,13.3,14.8,6.5,6.3,6.7,1365,50.1,26094.201,1751,64,124,127,120,251,282,216,99,118,79,191,227,151
208,8934,4847,4088,7.3,66.7,65.2,68.3,56.6,54.8,58.6,14.2,13.4,14.9,6.6,6.3,6.7,1302,47.8,26166.047,1660,61,118,123,114,245,277,210,97,116,76,188,224,148
209,8909,4841,4067,7.2,67.2,65.6,68.8,56.8,55.0,58.8,14.3,13.5,15.0,6.6,6.4,6.8,1229,45.5,25899.36,1561,58,113,118,108,240,271,205,95,113,74,186,221,146
210,8889,4836,4053,7.0,67.6,66.1,69.3,57.1,55.3,59.0,14.4,13.7,15.1,6.7,6.5,6.9,1158,43.3,25728.698,1466,55,108,113,103,235,266,201,92,111,72,183,218,145
211,8880,4833,4047,6.9,68.1,66.5,69.7,57.3,55.5,59.2,14.6,13.8,15.3,6.8,6.6,7.0,1089,41.1,25527.736,1373,52,103,108,98,230,260,197,90,108,70,181,215,144
212,8888,4836,4052,6.9,68.5,67.0,70.2,57.5,55.8,59.4,14.7,13.9,15.4,7.0,6.7,7.2,1017,39.0,25144.116,1282,49,98,104,93,225,255,193,87,105,68,179,212,143
213,8884,4830,4055,6.8,68.9,67.4,70.6,57.7,56.0,59.5,14.8,14.1,15.5,7.1,6.8,7.3,930,36.9,24267.419,1173,46,93,99,87,220,249,189,85,102,66,177,208,142
214,8936,4851,4085,6.7,69.3,67.8,70.9,57.9,56.2,59.7,14.9,14.2,15.6,7.1,6.9,7.4,878,34.9,24397.289,1099,43,89,95,83,216,244,185,83,100,64,175,205,141
215,9005,4879,4125,6.7,69.7,68.2,71.3,58.1,56.4,59.8,15.0,14.3,15.7,7.2,7.0,7.4,832,33.0,24490.706,1034,41,85,90,78,211,238,182,80,97,62,172,201,140
216,9073,4908,4165,6.7,70.1,68.6,71.6,58.2,56.7,59.9,15.1,14.4,15.7,7.3,7.0,7.5,768,31.2,23804.081,956,39,80,86,74,207,233,178,78,94,60,170,198,139
217,9169,4953,4216,6.7,70.4,69.0,72.0,58.4,56.9,60.1,15.1,14.5,15.8,7.4,7.1,7.6,727,29.6,23985.007,900,36,76,82,70,202,228,174,75,91,58,167,195,137
218,9264,5001,4263,6.7,70.7,69.3,72.3,58.6,57.1,60.2,15.2,14.5,15.9,7.4,7.1,7.6,678,28.0,23531.725,838,34,73,79,66,197,223,170,73,89,56,164,191,135
219,10118,5550,4569,7.2,70.2,68.5,71.9,57.8,56.1,59.7,14.5,13.6,15.4,6.9,6.5,7.3,626,26.5,22934.934,774,33,68,73,62,202,229,172,71,87,55,171,200,139
220,13094,7025,6069,9.3,67.3,65.9,68.8,54.7,53.2,56.3,12.5,11.9,13.1,6.0,5.7,6.2,587,25.2,22800.952,724,31,73,80,66,247,278,213,92,111,72,220,252,184
221,9373,5066,4307,6.6,71.7,70.2,73.3,59.1,57.6,60.8,15.4,14.7,16.0,7.5,7.3,7.7,556,23.9,22790.367,682,29,63,69,57,183,208,155,67,82,50,154,181,126
222,9507,5145,4362,6.6,72.0,70.5,73.6,59.3,57.8,60.9,15.4,14.8,16.1,7.5,7.3,7.7,525,22.6,22748.701,643,28,60,66,54,178,204,150,65,80,49,151,178,122
