ID,TP1_JAN,TP1_JULY,MP1_,FP1_,PD1_,PSR_,MA1_,NCB_,RNC_,PC_,PGR_,PAD_
1,2471424,2493093,1241432,1251661,19.1,99.2,22.2,43337,17.4,43338,1.74,39.9
2,2514762,2536927,1263362,1273565,19.5,99.2,22.1,44331,17.5,44331,1.75,39.7
3,2559092,2584086,1287093,1296993,19.8,99.2,22.1,49988,19.3,49988,1.94,35.8
4,2609080,2634106,1312355,1321751,20.2,99.3,22.0,50052,19.0,50052,1.9,36.5
5,2659132,2685895,1338531,1347364,20.6,99.3,21.9,53525,19.9,53525,1.99,34.8
6,2712658,2740214,1365979,1374235,21.0,99.4,21.8,55112,20.1,55112,2.01,34.5
7,2767770,2795410,1393816,1401594,21.4,99.4,21.7,55280,19.8,55280,1.98,35.0
8,2823050,2852618,1422614,1430005,21.9,99.5,21.6,59137,20.7,59137,2.07,33.4
9,2882187,2911250,1452096,1459154,22.3,99.5,21.5,58126,20.0,58126,2.0,34.7
10,2940313,2965950,1479589,1486362,22.7,99.5,21.5,51275,17.3,51275,1.73,40.1
11,2991588,3015471,1504457,1511014,23.1,99.6,21.5,47766,15.8,47766,1.58,43.8
12,3039354,3064870,1529295,1535575,23.5,99.6,21.4,51032,16.7,51032,1.67,41.6
13,3090386,3123374,1558850,1564524,24.0,99.6,21.4,65977,21.1,65977,2.11,32.8
14,3156363,3192808,1594017,1598791,24.5,99.7,21.2,72890,22.8,72890,2.28,30.4
15,3229253,3264487,1630340,1634147,25.0,99.8,21.0,70469,21.6,70469,2.16,32.1
16,3299722,3334534,1665745,1668789,25.6,99.8,20.8,69623,20.9,69623,2.09,33.2
17,3369345,3404041,1700737,1703304,26.1,99.8,20.6,69391,20.4,69391,2.04,34.0
18,3438737,3473413,1735618,1737795,26.6,99.9,20.5,69351,20.0,69352,2.0,34.7
19,3508089,3545187,1771695,1773492,27.2,99.9,20.4,74197,20.9,74197,2.09,33.1
20,3582286,3619492,1809131,1810361,27.8,99.9,20.3,74412,20.6,74412,2.06,33.7
21,3656698,3694684,1847019,1847665,28.3,100.0,20.3,75972,20.6,75972,2.06,33.7
22,3732670,3769848,1884860,1884988,28.9,100.0,20.3,74356,19.7,74356,1.97,35.1
23,3807026,3844918,1922850,1922068,29.5,100.0,20.4,75784,19.7,75784,1.97,35.2
24,3882810,3920805,1961395,1959410,30.1,100.1,20.4,75991,19.4,75991,1.94,35.8
25,3958800,3996416,1999751,1996665,30.6,100.2,20.5,75231,18.8,75231,1.88,36.8
26,4034032,4070735,2037388,2033348,31.2,100.2,20.7,73407,18.0,73407,1.8,38.4
27,4107439,4144246,2074548,2069699,31.8,100.2,20.8,73615,17.8,73615,1.78,39.0
28,4181054,4217864,2111748,2106116,32.3,100.3,21.0,73620,17.5,73620,1.75,39.7
29,4254674,4292098,2149212,2142885,32.9,100.3,21.1,74848,17.4,74848,1.74,39.7
30,4329521,4368540,2187840,2180699,33.5,100.3,21.3,78036,17.9,78036,1.79,38.8
31,4407558,4447606,2227983,2219623,34.1,100.4,21.5,80097,18.0,80097,1.8,38.5
32,4487655,4528777,2269262,2259516,34.7,100.4,21.6,82245,18.2,82245,1.82,38.2
33,4569900,4612673,2311809,2300864,35.4,100.5,21.7,85547,18.5,85547,1.86,37.4
34,4655447,4697328,2354687,2342640,36.0,100.5,21.8,83761,17.8,83761,1.78,38.9
35,4739208,4782176,2397609,2384567,36.7,100.5,21.9,85935,18.0,85935,1.8,38.6
36,4825143,4868943,2441487,2427456,37.3,100.6,22.0,87601,18.0,87601,1.8,38.5
37,4912744,4958073,2486673,2471400,38.0,100.6,22.2,90658,18.3,90658,1.83,37.9
38,5003402,5049746,2533271,2516476,38.7,100.7,22.4,92690,18.4,92689,1.84,37.8
39,5096091,5141993,2580079,2561914,39.4,100.7,22.6,91803,17.9,91803,1.79,38.8
40,5187894,5234432,2627005,2607427,40.1,100.8,22.8,93071,17.8,93076,1.78,39.0
41,5280970,5327803,2674705,2653098,40.9,100.8,22.9,93667,17.6,93667,1.76,39.4
42,5374637,5418736,2721137,2697599,41.6,100.9,23.1,88198,16.3,88198,1.63,42.6
43,5462835,5505990,2765447,2740543,42.2,100.9,23.3,86309,15.7,86309,1.57,44.2
44,5549145,5591545,2809184,2782361,42.9,101.0,23.5,84800,15.2,84800,1.52,45.7
45,5633945,5675551,2851675,2823876,43.5,101.0,23.8,83212,14.7,83212,1.47,47.3
46,5717157,5758879,2893336,2865543,44.2,101.0,24.0,83443,14.5,83443,1.45,47.8
47,5800600,5842056,2935092,2906963,44.8,101.0,24.2,82910,14.2,82910,1.42,48.8
48,5883511,5924788,2976691,2948097,45.4,101.0,24.4,82554,13.9,82554,1.39,49.8
49,5966065,6007067,3018501,2988566,46.1,101.0,24.7,82004,13.7,82004,1.37,50.8
50,6048069,6089006,3060198,3028809,46.7,101.0,24.9,81875,13.4,81875,1.35,51.5
51,6129944,6171703,3102258,3069445,47.3,101.1,25.1,83518,13.5,83518,1.35,51.2
52,6213462,6254936,3144579,3110358,48.0,101.1,25.3,82949,13.3,82949,1.33,52.3
53,6296411,6337730,3186518,3151213,48.6,101.1,25.5,82639,13.0,82639,1.3,53.2
54,6379050,6420362,3228411,3191951,49.2,101.1,25.7,82624,12.9,82624,1.29,53.9
55,6461673,6503378,3270594,3232784,49.9,101.2,25.9,83409,12.8,83409,1.28,54.0
56,6545082,6586970,3313000,3273970,50.5,101.2,26.1,83776,12.7,83776,1.27,54.5
57,6628858,6671452,3355913,3315539,51.2,101.2,26.3,85188,12.8,85188,1.28,54.3
58,6714046,6757309,3399561,3357748,51.8,101.2,26.5,86526,12.8,86526,1.28,54.2
59,6800572,6844458,3443714,3400743,52.5,101.3,26.7,87772,12.8,87772,1.28,54.1
60,6888344,6932766,3488237,3444530,53.2,101.3,27.0,88846,12.8,88846,1.28,54.1
61,6977189,7021732,3533139,3488594,53.8,101.3,27.2,89086,12.7,89086,1.27,54.6
62,7066275,7110924,3578459,3532465,54.5,101.3,27.4,89297,12.6,89297,1.26,55.2
63,7155572,7201202,3624480,3576723,55.2,101.3,27.6,91260,12.7,91260,1.27,54.7
64,7246832,7291794,3670601,3621192,55.9,101.4,27.8,89922,12.3,89922,1.23,56.2
65,7336755,7381616,3716191,3665425,56.6,101.4,28.1,89723,12.2,89723,1.22,57.0
66,7426478,7470492,3761327,3709165,57.3,101.4,28.3,88028,11.8,88028,1.18,58.8
67,7514506,7558555,3805832,3752722,58.0,101.4,28.5,88097,11.7,88097,1.17,59.4
68,7602603,7645618,3849386,3796232,58.6,101.4,28.8,86030,11.3,86030,1.13,61.6
69,7688633,7729903,3891359,3838544,59.3,101.4,29.0,82540,10.7,82540,1.07,64.9
70,7771173,7811294,3931909,3879385,59.9,101.4,29.3,80242,10.3,80242,1.03,67.5
71,7851415,7887001,3969229,3917772,60.5,101.3,29.6,71173,9.0,71173,0.9,76.8
72,7922588,7954448,4002148,3952300,61.0,101.3,29.8,63721,8.0,63721,0.8,86.5
73,7986309,8021407,4035008,3986399,61.5,101.2,30.1,70197,8.8,70197,0.88,79.2
74,8056506,8091735,4069352,4022383,62.1,101.2,30.4,70459,8.7,70459,0.87,79.6
75,539190,544044,280114,263930,56.7,106.1,22.2,9729,17.9,9709,1.79,38.8
76,548899,553758,284864,268895,57.7,105.9,21.9,9733,17.6,9719,1.76,39.5
77,558618,565131,290480,274651,58.9,105.8,21.6,13036,23.1,13027,2.31,30.1
78,571645,577557,296657,280900,60.2,105.6,21.3,11830,20.5,11824,2.05,33.9
79,583469,590114,302920,287194,61.5,105.5,21.0,13293,22.5,13289,2.25,30.8
80,596759,603547,309610,293937,62.9,105.3,20.7,13579,22.5,13577,2.25,30.8
81,610335,616559,316067,300492,64.2,105.2,20.5,12448,20.2,12446,2.02,34.3
82,622782,630356,322932,307424,65.7,105.0,20.2,15151,24.0,15149,2.4,28.8
83,637931,644219,329824,314396,67.1,104.9,19.9,12580,19.5,12577,1.95,35.5
84,650508,652708,333932,318776,68.0,104.8,19.8,4408,6.8,4400,0.67,102.8
85,654908,654802,334740,320062,68.2,104.6,19.9,-195,-0.3,-212,-0.03,
86,654696,655773,334983,320790,68.3,104.4,20.0,2181,3.3,2155,0.33,
87,656851,665074,339522,325551,69.3,104.3,19.9,16477,24.8,16445,2.47,28.0
88,673296,684553,349299,335254,71.3,104.2,19.4,22544,32.9,22513,3.29,21.1
89,695809,704798,359485,345313,73.4,104.1,18.9,19229,27.3,17979,2.55,27.2
90,713788,723416,368843,354573,75.4,104.0,18.5,19387,26.8,19256,2.66,26.0
91,733044,742402,378399,364003,77.3,104.0,18.2,18712,25.2,18717,2.52,27.5
92,751761,761026,387785,373241,79.3,103.9,18.1,17284,22.7,18531,2.44,28.5
93,770292,781011,397893,383118,81.4,103.9,18.0,21476,27.5,21439,2.75,25.3
94,791731,802140,408616,393524,83.6,103.8,18.0,20892,26.0,20820,2.6,26.7
95,812550,823309,419379,403930,85.8,103.8,18.0,21644,26.3,21518,2.61,26.5
96,834068,844070,429955,414115,87.9,103.8,18.1,20184,23.9,20004,2.37,29.2
97,854072,863678,439952,423726,90.0,103.8,18.3,19427,22.5,19212,2.23,31.2
98,873284,882577,449577,433000,91.9,103.8,18.5,18801,21.3,18587,2.11,32.9
99,891870,900308,458583,441725,93.8,103.8,18.8,17050,18.9,16875,1.87,37.0
100,908745,916117,466587,449530,95.4,103.8,19.1,14859,16.2,14744,1.61,43.1
101,923489,930372,473800,456572,96.9,103.8,19.4,13822,14.9,13767,1.48,46.8
102,937256,943546,480458,463089,98.3,103.8,19.8,12596,13.4,12581,1.33,52.0
103,949837,956161,486816,469346,99.6,103.7,20.2,12659,13.2,12649,1.32,52.4
104,962486,969288,493440,475848,101.0,103.7,20.6,13617,14.0,13604,1.4,49.4
105,976090,983164,500454,482710,102.4,103.7,20.9,14167,14.4,14147,1.44,48.2
106,990237,997721,507822,489899,103.9,103.7,21.1,14996,15.0,14968,1.5,46.2
107,1005205,1013588,515871,497718,105.6,103.6,21.1,16803,16.6,16766,1.65,41.9
108,1021971,1029065,523726,505339,107.2,103.6,21.2,14231,13.8,14187,1.38,50.3
109,1036159,1043850,531237,512613,108.7,103.6,21.4,15434,14.8,15382,1.47,47.0
110,1051541,1059808,539371,520436,110.4,103.6,21.7,16595,15.7,16534,1.56,44.4
111,1068075,1077234,548288,528945,112.2,103.7,22.1,18397,17.1,18317,1.7,40.8
112,1086392,1096217,558039,538178,114.2,103.7,22.6,19819,18.1,19650,1.79,38.7
113,1106043,1115244,567841,547403,116.2,103.7,23.0,18685,16.8,18403,1.65,42.0
114,1124446,1133991,577537,556454,118.1,103.8,23.4,19404,17.1,19091,1.68,41.2
115,1143536,1153583,587726,565857,120.2,103.9,23.7,20104,17.4,20093,1.74,39.8
116,1163629,1170789,596705,574084,122.0,103.9,24.1,14863,12.7,14319,1.22,56.7
117,1177948,1184574,603910,580664,123.4,104.0,24.6,13396,11.3,13253,1.12,61.9
118,1191201,1197309,610574,586735,124.7,104.1,25.1,12589,10.5,12216,1.02,68.0
119,1203417,1209003,616698,592305,125.9,104.1,25.6,11897,9.8,11173,0.92,75.0
120,1214590,1220134,622525,597609,127.1,104.2,26.1,11455,9.4,11089,0.91,76.3
121,1225678,1230945,628180,602765,128.2,104.2,26.7,10784,8.8,10533,0.86,81.0
122,1236211,1241140,633520,607620,129.3,104.3,27.2,10136,8.2,9856,0.79,87.3
123,1246068,1250847,638610,612237,130.3,104.3,27.8,9599,7.7,9559,0.76,90.7
124,1255626,1260177,643515,616661,131.3,104.4,28.4,9197,7.3,9101,0.72,96.0
125,1264727,1269581,648474,621107,132.2,104.4,29.0,9771,7.7,9709,0.77,90.6
126,1274435,1278725,653295,625430,133.2,104.5,29.5,8756,6.8,8579,0.67,103.3
127,1283015,1286867,657591,629275,134.0,104.5,30.1,8466,6.6,7704,0.6,115.7
128,1290719,1294517,661629,632889,134.8,104.5,30.7,8210,6.3,7597,0.59,118.1
129,1298316,1302100,665627,636473,135.6,104.6,31.2,8340,6.4,7569,0.58,119.3
130,1305885,1310027,669791,640236,136.5,104.6,31.8,8388,6.4,8284,0.63,109.7
131,1314169,1318054,673995,644059,137.3,104.6,32.3,8529,6.5,7769,0.59,117.7
132,1321939,1325814,678072,647741,138.1,104.7,32.8,8792,6.6,7750,0.59,118.5
133,1329688,1333821,682279,651542,138.9,104.7,33.3,9030,6.8,8265,0.62,111.8
134,1337954,1342523,686821,655702,139.8,104.7,33.7,9315,6.9,9138,0.68,101.8
135,1347092,1351562,691524,660038,140.8,104.8,34.1,9124,6.8,8939,0.66,104.9
136,1356031,1360251,696018,664232,141.7,104.8,34.5,8855,6.5,8439,0.62,111.8
137,1364470,1369521,700783,668738,142.7,104.8,34.9,10160,7.4,10102,0.74,93.9
138,1374572,1379008,705638,673370,143.6,104.8,35.1,9062,6.6,8873,0.64,107.8
139,1383444,1387952,710181,677771,144.6,104.8,35.4,9386,6.8,9015,0.65,106.6
140,1392459,1396134,714292,681842,145.4,104.8,35.7,7996,5.7,7349,0.53,131.8
141,1399809,1404053,718223,685830,146.3,104.7,36.0,8641,6.2,8488,0.61,114.6
142,1408296,1412355,722263,690092,147.1,104.7,36.3,8211,5.8,8117,0.58,120.5
143,1416413,1419009,725406,693603,147.8,104.6,36.6,5390,3.8,5192,0.37,
144,1421605,1423520,727474,696046,148.3,104.5,37.0,4487,3.2,3831,0.27,
145,1425436,1426106,728452,697654,148.6,104.4,37.5,1432,1.0,1340,0.09,
146,1426776,1426437,728193,698244,148.6,104.3,38.0,-298,-0.2,-678,-0.05,
147,1426098,1425180,727091,698089,148.5,104.2,38.5,-1543,-1.1,-1837,-0.13,
148,1424261,1422585,725223,697362,148.2,104.0,39.1,-2784,-2.0,-3352,-0.24,
149,342592,346279,177867,168412,116.5,105.6,20.0,7436,21.5,7373,2.13,32.6
150,349965,353870,181868,172003,119.0,105.7,20.0,7690,21.7,7809,2.21,31.4
151,357775,361875,186091,175784,121.7,105.9,19.9,8034,22.2,8200,2.27,30.6
152,365975,370105,190412,179693,124.5,106.0,19.9,8331,22.5,8259,2.23,31.1
153,374234,378687,194908,183779,127.4,106.1,19.8,8781,23.2,8906,2.35,29.5
154,383140,387701,199634,188067,130.4,106.2,19.7,9051,23.3,9121,2.35,29.5
155,392262,396989,204504,192485,133.5,106.2,19.6,9294,23.4,9455,2.38,29.1
156,401716,406254,209327,196927,136.6,106.3,19.5,9502,23.4,9075,2.23,31.0
157,410792,415777,214294,201483,139.8,106.4,19.4,9679,23.3,9972,2.4,28.9
158,420763,425781,219547,206233,143.2,106.5,19.3,9925,23.3,10035,2.36,29.4
159,430798,435990,224898,211093,146.6,106.5,19.2,10238,23.5,10385,2.38,29.1
160,441183,446565,230447,216117,150.2,106.6,19.1,10469,23.4,10764,2.41,28.7
161,451947,457283,236053,221230,153.8,106.7,18.9,10743,23.5,10673,2.33,29.7
162,462619,468139,241707,226432,157.5,106.7,18.8,11017,23.5,11038,2.36,29.4
163,473658,479230,247475,231755,161.2,106.8,18.6,11286,23.5,11144,2.33,29.8
164,484801,490140,253126,237014,164.9,106.8,18.5,10926,22.3,10677,2.18,31.8
165,495479,500740,258584,242156,168.4,106.8,18.3,11090,22.1,10523,2.1,33.0
166,506002,511606,264193,247414,172.1,106.8,18.2,11280,22.0,11209,2.19,31.6
167,517211,522717,269901,252816,175.8,106.8,18.1,12007,23.0,11012,2.11,32.9
168,528223,533881,275588,258293,179.6,106.7,18.1,12168,22.8,11316,2.12,32.7
169,539538,545864,281785,264079,183.6,106.7,18.1,12418,22.7,12652,2.32,29.9
170,552190,558096,288104,269993,187.7,106.7,18.1,12787,22.9,11813,2.12,32.7
171,564003,570482,294480,276002,191.9,106.7,18.2,13042,22.9,12959,2.27,30.5
172,576962,583466,301203,282262,196.2,106.7,18.2,13413,23.0,13008,2.23,31.1
173,589970,597041,308263,288778,200.8,106.7,18.3,13796,23.1,14144,2.37,29.3
174,604113,611310,315742,295567,205.6,106.8,18.4,13958,22.8,14393,2.36,29.4
175,618506,625862,323366,302496,210.5,106.9,18.5,14436,23.1,14712,2.35,29.5
176,633218,640801,331199,309602,215.5,107.0,18.6,14576,22.7,15166,2.37,29.3
177,648384,655728,338986,316742,220.5,107.0,18.7,14898,22.7,14688,2.24,30.9
178,663072,671156,347037,324118,225.7,107.1,18.8,15393,22.9,16167,2.41,28.8
179,679239,687354,355513,331841,231.2,107.1,18.9,16018,23.3,16229,2.36,29.4
180,695469,703696,364008,339688,236.7,107.2,19.0,16422,23.3,16455,2.34,29.6
181,711924,720313,372617,347696,242.3,107.2,19.0,16790,23.3,16779,2.33,29.7
182,728703,737373,381444,355929,248.0,107.2,19.1,17219,23.4,17339,2.35,29.5
183,746042,754875,390485,364391,253.9,107.2,19.2,17699,23.4,17667,2.34,29.6
184,763709,772648,399637,373010,259.9,107.1,19.3,17968,23.3,17878,2.31,30.0
185,781587,790690,408902,381788,265.9,107.1,19.3,18456,23.3,18206,2.3,30.1
186,799793,808931,418256,390675,272.1,107.1,19.4,18496,22.9,18276,2.26,30.7
187,818069,827343,427701,399642,278.3,107.0,19.5,18703,22.6,18547,2.24,30.9
188,836617,846040,437296,408743,284.6,107.0,19.6,18849,22.3,18846,2.23,31.1
189,855463,864972,447022,417951,290.9,107.0,19.7,18894,21.8,19019,2.2,31.5
190,874482,883928,456778,427150,297.3,106.9,19.8,19049,21.6,18891,2.14,32.4
191,893373,902957,466595,436362,303.7,106.9,19.9,19132,21.2,19168,2.12,32.6
192,912541,922118,476503,445615,310.1,106.9,20.0,19153,20.8,19155,2.08,33.4
193,931696,941164,486384,454780,316.6,106.9,20.2,19311,20.5,18936,2.01,34.5
194,950632,960301,496345,463956,323.0,107.0,20.3,19396,20.2,19339,2.01,34.4
195,969970,979678,506445,473233,329.5,107.0,20.5,19442,19.8,19416,1.98,35.0
196,989386,999134,516593,482540,336.0,107.1,20.7,19494,19.5,19495,1.95,35.5
197,1008881,1018665,526785,491880,342.6,107.1,20.8,19569,19.2,19568,1.92,36.1
198,1028449,1038226,536988,501238,349.2,107.1,21.0,19649,18.9,19553,1.88,36.8
199,1048003,1057923,547253,510669,355.8,107.2,21.2,19984,18.9,19840,1.88,37.0
200,1067843,1077899,557645,520253,362.5,107.2,21.4,20182,18.7,20111,1.87,37.1
201,1087954,1097600,567873,529727,369.2,107.2,21.6,20025,18.2,19292,1.76,39.4
202,1107247,1116803,577830,538973,375.6,107.2,21.8,19720,17.7,19113,1.71,40.5
203,1126360,1135992,587765,548226,382.1,107.2,22.0,19471,17.1,19264,1.7,40.9
204,1145624,1154676,597426,557250,388.4,107.2,22.2,19035,16.5,18106,1.57,44.2
205,1163729,1172879,606816,566063,394.5,107.2,22.5,18642,15.9,18300,1.56,44.4
206,1182029,1190676,615978,574698,400.5,107.2,22.8,18332,15.4,17295,1.45,47.7
207,1199323,1207931,624852,583079,406.3,107.2,23.1,18235,15.1,17215,1.43,48.6
208,1216539,1225525,633887,591638,412.2,107.1,23.3,18285,14.9,17972,1.47,47.2
209,1234511,1243482,643098,600383,418.2,107.1,23.6,17992,14.5,17941,1.44,48.0
210,1252452,1261225,652190,609035,424.2,107.1,23.9,17793,14.1,17546,1.39,49.8
211,1269998,1278675,661117,617558,430.1,107.1,24.3,17552,13.7,17354,1.36,51.1
212,1287351,1295830,669877,625953,435.8,107.0,24.6,17108,13.2,16956,1.31,53.0
213,1304308,1312277,678266,634011,441.4,107.0,24.9,16166,12.3,15939,1.22,57.0
214,1320247,1328024,686299,641726,446.7,106.9,25.3,16211,12.2,15556,1.17,59.2
215,1335802,1343944,694417,649527,452.0,106.9,25.6,16203,12.1,16284,1.21,57.2
216,1352086,1359657,702419,657238,457.3,106.9,26.0,15394,11.3,15142,1.11,62.2
217,1367229,1374659,710050,664609,462.4,106.8,26.3,15451,11.2,14861,1.08,64.1
218,1382090,1389030,717351,671679,467.2,106.8,26.7,14861,10.7,13882,1.0,69.4
219,1395971,1402618,724175,678442,471.8,106.7,27.0,13367,9.5,13293,0.95,73.1
220,1409264,1414204,729924,684280,475.7,106.7,27.3,10228,7.2,9879,0.7,99.2
221,1419143,1425423,735531,689892,479.4,106.6,27.7,13913,9.8,12559,0.88,78.7
222,1431703,1438070,741883,696186,483.7,106.6,28.1,13712,9.5,12733,0.89,78.3
